Workbook

Sheet Wali Kelas
A2: No | B2: Kelas | C2: JML Santri | D2: Wali Kelas | E2: Nik Wali kelas
A3: 1 | B3: 7-A-01 | C3: 30 | D3: Ahrom Hidayat, S.Pd.I. | E3: GR1700604
A4: 2 | B4: 7-A-02 | C4: 30 | D4: Lahmudin, S.E. | E4: GR1700615
A5: 3 | B5: 7-A-03 | C5: 30 | D5: Adi Muhlasin, S.Pd.I. | E5: GR1700600
A6: 4 | B6: 7-A-04 | C6: 28 | D6: Bambang Supriadi, S.Pd.I. | E6: GR1700606
A7: 5 | B7: 7-A-05 | C7: 28 | D7: Wicaksana Sudarma, S.Pd.I. | E7: GR1700628
A8: 6 | B8: 7-A-06 | C8: 28 | D8: A. Rauf, S.Sos.I. | E8: GR1700598
A9: 7 | B9: 7-A-07 | C9: 28 | D9: Suparyono, S.Pd.I. | E9: GR1700625
A10: 8 | B10: 7-B-01 | C10: 26 | D10: Umi Sepriati, S.Ag., M.A.P. | E10: GR0600444
A11: 9 | B11: 7-B-02 | C11: 26 | D11: Eti, S.Ag. | E11: GR0600017
A12: 10 | B12: 7-B-03 | C12: 26 | D12: Titik Listiana, S.S. | E12: GR1700627
A13: 11 | B13: 7-B-04 | C13: 26 | D13: Khonis Muizah, S.Pd.I. | E13: GR1700614
A14: 12 | B14: 7-B-05 | C14: 26 | D14: Leni Marlina, S.Pi. | E14: GR1700616
... A52: 50 | B52: 9-B-09 | C52: 27 | D52: Anna Yunia, S.Pd. | E52: GR1800665

Sheet Data Foto
A1: No. | B1: No. Urut | C1: No. Induk | D1: NISN | F1: L/P | G1: Kelas | H1: Kamar | I1: Level | J1: Koordinator | K1: Sudah Foto atau belum | L1: Ket
A2: 1 | B2: 1 | C2: 20220203 | D2: 0108846340 | E2: Ahmad Rezky Ardiansyah bin Rofikhul Hadi | F2: L | G2: 9-A-01 | H2: 309 MD | I2: 9 | J2: Jakarta Selatan | K2: =IFERROR(INDEX('Data Real Foto'!B:B,MATCH('Data Foto'!C2,'Data Real Foto'!A:A,0)),"") -> Sudah Foto
A3: 2 | B3: 2 | C3: 20220339 | D3: 3101182733 | E3: Akhmad Tegar Fatahillah bin M. Agus Riyadi | F3: L | G3: 9-A-01 | H3: 218 MD | I3: 9 | J3: Jakarta Timur | K3: =IFERROR(INDEX('Data Real Foto'!B:B,MATCH('Data Foto'!C3,'Data Real Foto'!A:A,0)),"") -> Sudah Foto
A4: 3 | B4: 3 | C4: 20220373 | D4: 3101367159 | E4: Al Frinsa Pratama As Shodiqin bin Yatno | F4: L | G4: 9-A-01 | H4: 328 MD | I4: 9 | J4: Jakarta Timur | K4: =IFERROR(INDEX('Data Real Foto'!B:B,MATCH('Data Foto'!C4,'Data Real Foto'!A:A,0)),"") -> Sudah Foto
A5: 4 | B5: 4 | C5: 20220510 | D5: 3091049651 | E5: Aldin Hanif bin Dede Ramdani | F5: L | G5: 9-A-01 | H5: 214 MD | I5: 9 | J5: Jawa Barat Selatan | K5: =IFERROR(INDEX('Data Real Foto'!B:B,MATCH('Data Foto'!C5,'Data Real Foto'!A:A,0)),"") -> Sudah Foto
A6: 5 | B6: 5 | C6: 20220027 | D6: 3092527154 | E6: Alfian Muhammad Nabil bin Mardonal | F6: L | G6: 9-A-01 | H6: 311 MD | I6: 9 | J6: Pusat | K6: =IFERROR(INDEX('Data Real Foto'!B:B,MATCH('Data Foto'!C6,'Data Real Foto'!A:A,0)),"") -> Sudah Foto
A7: 6 | B7: 6 | C7: 20220015 | D7: 3097625940 | E7: Bagus Tri Ramadan bin Sariman | F7: L | G7: 9-A-01 | H7: 317 MD | I7: 9 | J7: Pusat | K7: =IFERROR(INDEX('Data Real Foto'!B:B,MATCH('Data Foto'!C7,'Data Real Foto'!A:A,0)),"") -> Sudah Foto
A8: 7 | B8: 7 | C8: 20220355 | D8: 0097224224 | E8: Dafa Aulia Ghifaro bin Roby Iskandar | F8: L | G8: 9-A-01 | H8: 221 MD | I8: 9 | J8: Jakarta Timur | K8: =IFERROR(INDEX('Data Real Foto'!B:B,MATCH('Data Foto'!C8,'Data Real Foto'!A:A,0)),"") -> Sudah Foto
A9: 8 | B9: 8 | C9: 20220399 | D9: 0108724665 | E9: Da'i Rijal Rafif bin Saripudin | F9: L | G9: 9-A-01 | H9: 218 MD | I9: 9 | J9: Jakarta Selatan | K9: =IFERROR(INDEX('Data Real Foto'!B:B,MATCH('Data Foto'!C9,'Data Real Foto'!A:A,0)),"") -> Sudah Foto
A10: 9 | B10: 9 | C10: 20220187 | D10: 3102891698 | E10: Derrian Adi Prakoso bin Tedy Setyawan | F10: L | G10: 9-A-01 | H10: 303 MD | I10: 9 | J10: Jakarta Selatan | K10: =IFERROR(INDEX('Data Real Foto'!B:B,MATCH('Data Foto'!C10,'Data Real Foto'!A:A,0)),"") -> Sudah Foto
A11: 10 | B11: 10 | C11: 20220186 | D11: 0107446881 | E11: Fadil Ghany Aswary bin Yulizar Aswari | F11: L | G11: 9-A-01 | H11: 204 MD | I11: 9 | J11: Jakarta Selatan | K11: =IFERROR(INDEX('Data Real Foto'!B:B,MATCH('Data Foto'!C11,'Data Real Foto'!A:A,0)),"") -> Sudah Foto
A12: 11 | B12: 11 | C12: 20220048 | D12: 3101980626 | E12: Fa'iq Atha Nur Hibatullah bin Risun | F12: L | G12: 9-A-01 | H12: 231 MD | I12: 9 | J12: Banten | K12: =IFERROR(INDEX('Data Real Foto'!B:B,MATCH('Data Foto'!C12,'Data Real Foto'!A:A,0)),"") -> Sudah Foto
A13: 12 | B13: 12 | C13: 20220175 | D13: 3097179312 | E13: Fathir Al-Fath bin Usup Suparman | F13: L | G13: 9-A-01 | H13: 203 MD | I13: 9 | J13: Jakarta Barat | K13: =IFERROR(INDEX('Data Real Foto'!B:B,MATCH('Data Foto'!C13,'Data Real Foto'!A:A,0)),"") -> Sudah Foto
... A18: 17 | B18: 17 | C18: 20220127 | D18: 0086647430 | E18: Imam Panji Gumilang bin Nurrohman | F18: L | G18: 9-A-01 | H18: 216 MD | I18: 9 | J18: Jakarta Selatan | K18: =IFERROR(INDEX('Data Real Foto'!B:B,MATCH('Data Foto'!C18,'Data Real Foto'!A:A,0)),"") -> Sudah Foto
A19: 18 | B19: 18 | C19: 20220208 | D19: 0101769788 | E19: Imam Taqi Hady bin Asdi Saputra | F19: L | G19: 9-A-01 | H19: 203 MD | I19: 9 | J19: Jakarta Selatan | K19: =IFERROR(INDEX('Data Real Foto'!B:B,MATCH('Data Foto'!C19,'Data Real Foto'!A:A,0)),"") | L19: Foto buram
A20: 19 | B20: 19 | C20: 20220140 | D20: 3104169306 | E20: Mochamad Ghamel Arrasyiid bin Derit Yanto | F20: L | G20: 9-A-01 | H20: 220 MD | I20: 9 | J20: Jakarta Selatan | K20: =IFERROR(INDEX('Data Real Foto'!B:B,MATCH('Data Foto'!C20,'Data Real Foto'!A:A,0)),"") -> Sudah Foto
A21: 20 | B21: 20 | C21: 20220139 | D21: 3107328494 | E21: Mochamad Ghatan Adlullathiif bin Derit yanto | F21: L | G21: 9-A-01 | H21: 309 MD | I21: 9 | J21: Jakarta Selatan | K21: =IFERROR(INDEX('Data Real Foto'!B:B,MATCH('Data Foto'!C21,'Data Real Foto'!A:A,0)),"") -> Sudah Foto
A22: 21 | B22: 21 | C22: 20220394 | D22: 3102745449 | E22: Mufti Nur Hasbhi bin Eko Wuryanto | F22: L | G22: 9-A-01 | H22: 307 MD | I22: 9 | J22: Jakarta Timur | K22: =IFERROR(INDEX('Data Real Foto'!B:B,MATCH('Data Foto'!C22,'Data Real Foto'!A:A,0)),"") -> Sudah Foto
A23: 22 | B23: 22 | C23: 20220551 | D23: 3099665357 | E23: Muhammad Dzaki As Salam bin Eka Prasetyandani | F23: L | G23: 9-A-01 | H23: 218 MD | I23: 9 | J23: Jawa Timur | K23: =IFERROR(INDEX('Data Real Foto'!B:B,MATCH('Data Foto'!C23,'Data Real Foto'!A:A,0)),"") -> Sudah Foto
A24: 23 | B24: 23 | C24: 20220215 | D24: 3091564028 | E24: Muhammad Ezzequiel Al Fachrezi bin Syarifudin | F24: L | G24: 9-A-01 | H24: 316 MD | I24: 9 | J24: Jakarta Selatan | K24: =IFERROR(INDEX('Data Real Foto'!B:B,MATCH('Data Foto'!C24,'Data Real Foto'!A:A,0)),"") -> Sudah Foto
A25: 24 | B25: 24 | C25: 20220410 | D25: 0097586310 | E25: Muhammad Faris Alghaziy bin Fauzih | F25: L | G25: 9-A-01 | H25: 306 MD | I25: 9 | J25: Jakarta Selatan | K25: =IFERROR(INDEX('Data Real Foto'!B:B,MATCH('Data Foto'!C25,'Data Real Foto'!A:A,0)),"") -> Sudah Foto
A26: 25 | B26: 25 | C26: 20220240 | D26: 0099541486 | E26: Raffa Satria Bintang bin Muhamad Hasani | F26: L | G26: 9-A-01 | H26: 305 MD | I26: 9 | J26: Jakarta Selatan | K26: =IFERROR(INDEX('Data Real Foto'!B:B,MATCH('Data Foto'!C26,'Data Real Foto'!A:A,0)),"") -> Sudah Foto
A27: 26 | B27: 26 | C27: 20220090 | D27: 3098849121 | E27: Rizky Aditya Ramadhan bin Muhammad Idrus | F27: L | G27: 9-A-01 | H27: 308 MD | I27: 9 | J27: Banten | K27: =IFERROR(INDEX('Data Real Foto'!B:B,MATCH('Data Foto'!C27,'Data Real Foto'!A:A,0)),"") -> Sudah Foto
A28: 27 | B28: 27 | C28: 20220001 | D28: 3100612813 | E28: Sabiq Dayyana Ali bin Ali Aminulloh | F28: L | G28: 9-A-01 | H28: 326 MD | I28: 9 | J28: Pusat | K28: =IFERROR(INDEX('Data Real Foto'!B:B,MATCH('Data Foto'!C28,'Data Real Foto'!A:A,0)),"") -> Sudah Foto
A29: 28 | B29: 28 | C29: 20220465 | D29: 0091851108 | E29: Sandya Azri Al Assyada bin Indra Hendrayana | F29: L | G29: 9-A-01 | H29: 204 MD | I29: 9 | J29: Jawa Barat Utara | K29: =IFERROR(INDEX('Data Real Foto'!B:B,MATCH('Data Foto'!C29,'Data Real Foto'!A:A,0)),"") -> Sudah Foto
A30: 29 | B30: 29 | C30: 20220096 | D30: 3091786387 | E30: Shufwan Riza Alfathan bin Shufwan Qudsyi (Alm) | F30: L | G30: 9-A-01 | H30: 232 MD | I30: 9 | J30: Banten | K30: =IFERROR(INDEX('Data Real Foto'!B:B,MATCH('Data Foto'!C30,'Data Real Foto'!A:A,0)),"") -> Sudah Foto
A31: 30 | B31: 30 | C31: 20220326 | D31: 3091753131 | E31: Wildan Al Jabbar bin Udin Wahyudin | F31: L | G31: 9-A-01 | H31: 303 MD | I31: 9 | J31: Jakarta Timur | K31: =IFERROR(INDEX('Data Real Foto'!B:B,MATCH('Data Foto'!C31,'Data Real Foto'!A:A,0)),"") -> Sudah Foto
... A132: 131 | B132: 13 | C132: 20220243 | D132: 3101398543 | E132: Fathu Akbar bin Akmaludin | F132: L | G132: 9-A-05 | H132: 306 MD | I132: 9 | J132: Jakarta Pusat | K132: =IFERROR(INDEX('Data Real Foto'!B:B,MATCH('Data Foto'!C132,'Data Real Foto'!A:A,0)),"") -> Sudah Foto
A133: 132 | B133: 14 | C133: 20220405 | D133: 3108159135 | E133: Fazwa Diva Daulah bin Dede Hendriana | F133: L | G133: 9-A-05 | H133: 214 MD | I133: 9 | J133: Jakarta Timur | K133: =IFERROR(INDEX('Data Real Foto'!B:B,MATCH('Data Foto'!C133,'Data Real Foto'!A:A,0)),"") | L133: sudah keluar
A134: 133 | B134: 15 | C134: 20220209 | D134: 0103206526 | E134: Ghifari Salman Al Rasyid bin Ade Firmansyah | F134: L | G134: 9-A-05 | H134: 220 MD | I134: 9 | J134: Jakarta Selatan | K134: =IFERROR(INDEX('Data Real Foto'!B:B,MATCH('Data Foto'!C134,'Data Real Foto'!A:A,0)),"") -> Sudah Foto
A135: 134 | B135: 16 | C135: 20220163 | D135: 3105734353 | E135: Ibnu Hafidz Al Mu'thi bin Asep Hanhan Burhanudin | F135: L | G135: 9-A-05 | H135: 206 MD | I135: 9 | J135: Jakarta Selatan | K135: =IFERROR(INDEX('Data Real Foto'!B:B,MATCH('Data Foto'!C135,'Data Real Foto'!A:A,0)),"") -> Sudah Foto
A136: 135 | B136: 17 | C136: 20220452 | D136: 0103098731 | E136: Idham Chalid Qohar bin Suhardiyat | F136: L | G136: 9-A-05 | H136: 201 MD | I136: 9 | J136: Jawa Barat Utara | K136: =IFERROR(INDEX('Data Real Foto'!B:B,MATCH('Data Foto'!C136,'Data Real Foto'!A:A,0)),"") -> Sudah Foto
A137: 136 | B137: 18 | C137: 20220523 | D137: 0102364660 | E137: Muhamad Ilhamsyah bin Sujana | F137: L | G137: 9-A-05 | H137: 219 MD | I137: 9 | J137: Jawa Barat Selatan | K137: =IFERROR(INDEX('Data Real Foto'!B:B,MATCH('Data Foto'!C137,'Data Real Foto'!A:A,0)),"") -> Sudah Foto
A138: 137 | B138: 19 | C138: 20220490 | D138: 0099078727 | E138: Muhamad Ilyas bin Komar | F138: L | G138: 9-A-05 | H138: 205 MD | I138: 9 | J138: Jawa Barat Selatan | K138: =IFERROR(INDEX('Data Real Foto'!B:B,MATCH('Data Foto'!C138,'Data Real Foto'!A:A,0)),"") -> Sudah Foto
A139: 138 | B139: 20 | C139: 20220123 | D139: 3108188922 | E139: Muhammad Naufal Rizqullah bin Dodi Darmawan | F139: L | G139: 9-A-05 | H139: 319 MD | I139: 9 | J139: Jakarta Selatan | K139: =IFERROR(INDEX('Data Real Foto'!B:B,MATCH('Data Foto'!C139,'Data Real Foto'!A:A,0)),"") -> Sudah Foto
A140: 139 | B140: 21 | C140: 20220261 | D140: 0105456302 | E140: Muhammad Nazir bin Ahmad Suandi | F140: L | G140: 9-A-05 | H140: 331 MD | I140: 9 | J140: Jakarta Pusat | K140: =IFERROR(INDEX('Data Real Foto'!B:B,MATCH('Data Foto'!C140,'Data Real Foto'!A:A,0)),"") -> Sudah Foto
A141: 140 | B141: 22 | C141: 20220256 | D141: 3093543711 | E141: Naufal Mufidi Dzakwan bin Dimas Harisetiagara | F141: L | G141: 9-A-05 | H141: 220 MD | I141: 9 | J141: Jakarta Selatan | K141: =IFERROR(INDEX('Data Real Foto'!B:B,MATCH('Data Foto'!C141,'Data Real Foto'!A:A,0)),"") -> Sudah Foto
A142: 141 | B142: 23 | C142: 20220169 | D142: 3107320784 | E142: Rafli Akbar bin Mazwandi | F142: L | G142: 9-A-05 | H142: 228 MD | I142: 9 | J142: Jakarta Barat | K142: =IFERROR(INDEX('Data Real Foto'!B:B,MATCH('Data Foto'!C142,'Data Real Foto'!A:A,0)),"") -> Sudah Foto
A143: 142 | B143: 24 | C143: 20220302 | D143: 0094533545 | E143: Rahlil Dzihni Adam bin Zahiri Adi Gunawan | F143: L | G143: 9-A-05 | H143: 314 MD | I143: 9 | J143: Jakarta Timur | K143: =IFERROR(INDEX('Data Real Foto'!B:B,MATCH('Data Foto'!C143,'Data Real Foto'!A:A,0)),"") -> Sudah Foto
A144: 143 | B144: 25 | C144: 20220360 | D144: 0101340829 | E144: Reza Syah Alam bin Muhaimin | F144: L | G144: 9-A-05 | H144: 322 MD | I144: 9 | J144: Jakarta Timur | K144: =IFERROR(INDEX('Data Real Foto'!B:B,MATCH('Data Foto'!C144,'Data Real Foto'!A:A,0)),"") -> Sudah Foto
A145: 144 | B145: 26 | C145: 20220070 | D145: 0098746215 | E145: Rizqo Al Huda bin Ruslani | F145: L | G145: 9-A-05 | H145: 202 MD | I145: 9 | J145: Banten | K145: =IFERROR(INDEX('Data Real Foto'!B:B,MATCH('Data Foto'!C145,'Data Real Foto'!A:A,0)),"") -> Sudah Foto
... A215: 214 | B215: 14 | C215: 20220334 | D215: 0104662694 | E215: Maidi Salam bin Suranto | F215: L | G215: 9-A-08 | H215: 324 MD | I215: 9 | J215: Jakarta Timur | K215: =IFERROR(INDEX('Data Real Foto'!B:B,MATCH('Data Foto'!C215,'Data Real Foto'!A:A,0)),"") -> Sudah Foto
A216: 215 | B216: 15 | C216: 20220030 | D216: 3093163186 | E216: Miftah Azzam Al Fawwaz bin Sicuk Suparwoto | F216: L | G216: 9-A-08 | H216: 204 MD | I216: 9 | J216: Pusat | K216: Sudah Foto
A217: 216 | B217: 16 | C217: 20220411 | D217: 0091802733 | E217: Mohamad Alvin Juniardi bin Turisman | F217: L | G217: 9-A-08 | H217: 321 MD | I217: 9 | J217: Jakarta Timur | K217: =IFERROR(INDEX('Data Real Foto'!B:B,MATCH('Data Foto'!C217,'Data Real Foto'!A:A,0)),"") -> Sudah Foto
A218: 217 | B218: 17 | C218: 20220259 | D218: 3100281332 | E218: Muhamad Khoirul Ikhsan bin Misno | F218: L | G218: 9-A-08 | H218: 321 MD | I218: 9 | J218: Jakarta Selatan | K218: =IFERROR(INDEX('Data Real Foto'!B:B,MATCH('Data Foto'!C218,'Data Real Foto'!A:A,0)),"") -> Sudah Foto
A219: 218 | B219: 18 | C219: 20220035 | D219: 0099899444 | E219: Muhammad Ari Affandi bin Suharyono | F219: L | G219: 9-A-08 | H219: 220 MD | I219: 9 | J219: Banten | K219: =IFERROR(INDEX('Data Real Foto'!B:B,MATCH('Data Foto'!C219,'Data Real Foto'!A:A,0)),"") -> Sudah Foto
A220: 219 | B220: 19 | C220: 20220409 | D220: 3094478119 | E220: Muhammad Haekel bin Untung Samsudin | F220: L | G220: 9-A-08 | H220: 213 MD | I220: 9 | J220: Jakarta Timur | K220: =IFERROR(INDEX('Data Real Foto'!B:B,MATCH('Data Foto'!C220,'Data Real Foto'!A:A,0)),"") -> Sudah Foto
A221: 220 | B221: 20 | C221: 20220305 | D221: 0097827936 | E221: Muhammad Syadam Alfarizki bin Triyono | F221: L | G221: 9-A-08 | H221: 318 MD | I221: 9 | J221: Jakarta Timur | K221: =IFERROR(INDEX('Data Real Foto'!B:B,MATCH('Data Foto'!C221,'Data Real Foto'!A:A,0)),"") -> Sudah Foto
A222: 221 | B222: 21 | C222: 20220234 | D222: 0108338933 | E222: Mumtaz Hisyam Al Alimi bin Doni Romdoni | F222: L | G222: 9-A-08 | H222: 315 MD | I222: 9 | J222: Jakarta Selatan | K222: =IFERROR(INDEX('Data Real Foto'!B:B,MATCH('Data Foto'!C222,'Data Real Foto'!A:A,0)),"") -> Sudah Foto
A223: 222 | B223: 22 | C223: 20220390 | D223: 0106332264 | E223: Nur Kholis bin Yaya | F223: L | G223: 9-A-08 | H223: 213 MD | I223: 9 | J223: Jakarta Utara | K223: =IFERROR(INDEX('Data Real Foto'!B:B,MATCH('Data Foto'!C223,'Data Real Foto'!A:A,0)),"") -> Sudah Foto
A224: 223 | B224: 23 | C224: 20220072 | D224: 0103742738 | E224: Ridho Al Mu'tamir bin Mukdi | F224: L | G224: 9-A-08 | H224: 313 MD | I224: 9 | J224: Banten | K224: =IFERROR(INDEX('Data Real Foto'!B:B,MATCH('Data Foto'!C224,'Data Real Foto'!A:A,0)),"") -> Sudah Foto
A225: 224 | B225: 24 | C225: 20220232 | D225: 3096209237 | E225: Rizki Al Fatih bin Bahri | F225: L | G225: 9-A-08 | H225: 332 MD | I225: 9 | J225: Jakarta Selatan | K225: =IFERROR(INDEX('Data Real Foto'!B:B,MATCH('Data Foto'!C225,'Data Real Foto'!A:A,0)),"") -> Sudah Foto
A226: 225 | B226: 25 | C226: 20220217 | D226: 3109487046 | E226: Satria Uji Pangestu bin Ngatman | F226: L | G226: 9-A-08 | H226: 319 MD | I226: 9 | J226: Jakarta Selatan | K226: =IFERROR(INDEX('Data Real Foto'!B:B,MATCH('Data Foto'!C226,'Data Real Foto'!A:A,0)),"") -> Sudah Foto
A227: 226 | B227: 26 | C227: 20220441 | D227: 0084407044 | E227: Sulthan Fathania bin Dede Junaedi | F227: L | G227: 9-A-08 | H227: 315 MD | I227: 9 | J227: Jakarta Pusat | K227: =IFERROR(INDEX('Data Real Foto'!B:B,MATCH('Data Foto'!C227,'Data Real Foto'!A:A,0)),"") -> Sudah Foto
A228: 227 | B228: 27 | C228: 20220503 | D228: 0102647350 | E228: Widiyanto Munazat bin Mispan | F228: L | G228: 9-A-08 | H228: 313 MD | I228: 9 | J228: Jawa Barat Selatan | K228: =IFERROR(INDEX('Data Real Foto'!B:B,MATCH('Data Foto'!C228,'Data Real Foto'!A:A,0)),"") -> Sudah Foto
... A290: 289 | B290: 9 | C290: 20220346 | D290: 0099092429 | E290: Dani Darussalam bin Darim | F290: L | G290: 9-A-11 | H290: 221 MD | I290: 9 | J290: Jakarta Timur | K290: =IFERROR(INDEX('Data Real Foto'!B:B,MATCH('Data Foto'!C290,'Data Real Foto'!A:A,0)),"") -> Sudah Foto
A291: 290 | B291: 10 | C291: 20220162 | D291: 3099492884 | E291: Difa Fauzan Ubaidillah bin Jaenudin | F291: L | G291: 9-A-11 | H291: 218 MD | I291: 9 | J291: Jakarta Selatan | K291: =IFERROR(INDEX('Data Real Foto'!B:B,MATCH('Data Foto'!C291,'Data Real Foto'!A:A,0)),"") | L291: Pakai foto lama
A292: 291 | B292: 11 | C292: 20220053 | D292: 0107650490 | E292: Faiz Mumtaz bin Iyus Suparman | F292: L | G292: 9-A-11 | H292: 307 MD | I292: 9 | J292: Banten | K292: =IFERROR(INDEX('Data Real Foto'!B:B,MATCH('Data Foto'!C292,'Data Real Foto'!A:A,0)),"") -> Sudah Foto
A293: 292 | B293: 12 | C293: 20220419 | D293: 0091460781 | E293: Fauzan Zaelani Sapaty bin Syamsul Badaruddin | F293: L | G293: 9-A-11 | H293: 226 MD | I293: 9 | J293: Jakarta Utara | K293: =IFERROR(INDEX('Data Real Foto'!B:B,MATCH('Data Foto'!C293,'Data Real Foto'!A:A,0)),"") -> Sudah Foto
A294: 293 | B294: 13 | C294: 20220031 | D294: 0102970527 | E294: Ichtiar Rezqa bin Aryoni | F294: L | G294: 9-A-11 | H294: 324 MD | I294: 9 | J294: Banten | K294: =IFERROR(INDEX('Data Real Foto'!B:B,MATCH('Data Foto'!C294,'Data Real Foto'!A:A,0)),"") -> Sudah Foto
A295: 294 | B295: 14 | C295: 20220455 | D295: 0097262620 | E295: Ilbram Darussalam bin Edi Kusworo | F295: L | G295: 9-A-11 | H295: 207 MD | I295: 9 | J295: Jawa Barat Utara | K295: =IFERROR(INDEX('Data Real Foto'!B:B,MATCH('Data Foto'!C295,'Data Real Foto'!A:A,0)),"") -> Sudah Foto
A296: 295 | B296: 15 | C296: 20220408 | D296: 0093019406 | E296: Irpad Fadhil Rahmat bin Mansur | F296: L | G296: 9-A-11 | H296: 333 MD | I296: 9 | J296: Jakarta Timur | K296: =IFERROR(INDEX('Data Real Foto'!B:B,MATCH('Data Foto'!C296,'Data Real Foto'!A:A,0)),"") -> Sudah Foto
A297: 296 | B297: 16 | C297: 20220295 | D297: 3103351989 | E297: Kelvin Alpinki bin Eeng Suherman | F297: L | G297: 9-A-11 | H297: 217 MD | I297: 9 | J297: Jakarta Utara | K297: =IFERROR(INDEX('Data Real Foto'!B:B,MATCH('Data Foto'!C297,'Data Real Foto'!A:A,0)),"") -> Sudah Foto
A298: 297 | B298: 17 | C298: 20220369 | D298: 0091148037 | E298: Maulana Rasyidi bin Esti Jalu Tuhu Prasetyo | F298: L | G298: 9-A-11 | H298: 207 MD | I298: 9 | J298: Jakarta Timur | K298: =IFERROR(INDEX('Data Real Foto'!B:B,MATCH('Data Foto'!C298,'Data Real Foto'!A:A,0)),"") -> Sudah Foto
A299: 298 | B299: 18 | C299: 20220522 | D299: 0101941761 | E299: Mufti Alwi Habib Anshori bin A. Aripin Rahmat | F299: L | G299: 9-A-11 | H299: 304 MD | I299: 9 | J299: Jawa Barat Selatan | K299: =IFERROR(INDEX('Data Real Foto'!B:B,MATCH('Data Foto'!C299,'Data Real Foto'!A:A,0)),"") -> Sudah Foto
A300: 299 | B300: 19 | C300: 20220432 | D300: 3109809889 | E300: Muhamad Fariz Azhar bin Tasam | F300: L | G300: 9-A-11 | H300: 205 MD | I300: 9 | J300: Jakarta Barat | K300: =IFERROR(INDEX('Data Real Foto'!B:B,MATCH('Data Foto'!C300,'Data Real Foto'!A:A,0)),"") -> Sudah Foto
A301: 300 | B301: 20 | C301: 20220112 | D301: 0108839872 | E301: Muhammad Azriel Ikhlas bin Muhammad Arli Nugraha | F301: L | G301: 9-A-11 | H301: 216 MD | I301: 9 | J301: Jakarta Selatan | K301: =IFERROR(INDEX('Data Real Foto'!B:B,MATCH('Data Foto'!C301,'Data Real Foto'!A:A,0)),"") -> Sudah Foto
A302: 301 | B302: 21 | C302: 20220416 | D302: 3109358030 | E302: Muhammad Rizky Musthofa bin Supriyono | F302: L | G302: 9-A-11 | H302: 315 MD | I302: 9 | J302: Jakarta Timur | K302: =IFERROR(INDEX('Data Real Foto'!B:B,MATCH('Data Foto'!C302,'Data Real Foto'!A:A,0)),"") -> Sudah Foto
A303: 302 | B303: 22 | C303: 20220516 | D303: 0107579456 | E303: Nazril Irham Alaziz bin Samsudin | F303: L | G303: 9-A-11 | H303: 310 MD | I303: 9 | J303: Jawa Barat Selatan | K303: =IFERROR(INDEX('Data Real Foto'!B:B,MATCH('Data Foto'!C303,'Data Real Foto'!A:A,0)),"") -> Sudah Foto
... A313: 312 | B313: 5 | C313: 20220453 | D313: 0091774846 | E313: Dinda Dwi Rahma Putri binti Triyono | F313: P | G313: 9-B-01 | H313: 324 MA | I313: 9 | J313: Jawa Barat Utara | K313: =IFERROR(INDEX('Data Real Foto'!B:B,MATCH('Data Foto'!C313,'Data Real Foto'!A:A,0)),"") -> Sudah Foto
A314: 313 | B314: 6 | C314: 20220447 | D314: 0109230390 | E314: Farida Ilma Nurafifa binti Abu Bakar | F314: P | G314: 9-B-01 | H314: 323 MA | I314: 9 | J314: Jakarta Barat | K314: Sudah Foto
A315: 314 | B315: 7 | C315: 20220253 | D315: 0093536236 | E315: Fatiha Safira Rizki binti Pondo kHasan Fahmi | F315: P | G315: 9-B-01 | H315: 323 MA | I315: 9 | J315: Jakarta Pusat | K315: =IFERROR(INDEX('Data Real Foto'!B:B,MATCH('Data Foto'!C315,'Data Real Foto'!A:A,0)),"") -> Sudah Foto
A316: 315 | B316: 8 | C316: 20220009 | D316: 3101293539 | E316: Ferida Fazriyani Tansya Karimah binti Ahmad Fery Supriatna | F316: P | G316: 9-B-01 | H316: 319 MA | I316: 9 | J316: Pusat | K316: =IFERROR(INDEX('Data Real Foto'!B:B,MATCH('Data Foto'!C316,'Data Real Foto'!A:A,0)),"") -> Sudah Foto
A317: 316 | B317: 9 | C317: 20220216 | D317: 3103496888 | E317: Fhalisa Kamelia binti Ahmad Yani | F317: P | G317: 9-B-01 | H317: 324 MA | I317: 9 | J317: Jakarta Selatan | K317: =IFERROR(INDEX('Data Real Foto'!B:B,MATCH('Data Foto'!C317,'Data Real Foto'!A:A,0)),"") -> Sudah Foto
A318: 317 | B318: 10 | C318: 20220246 | D318: 0093739713 | E318: Fitri Septiani binti Abas Jaelani | F318: P | G318: 9-B-01 | H318: 319 MA | I318: 9 | J318: Jakarta Pusat | K318: =IFERROR(INDEX('Data Real Foto'!B:B,MATCH('Data Foto'!C318,'Data Real Foto'!A:A,0)),"") -> Sudah Foto
A319: 318 | B319: 11 | C319: 20220220 | D319: 3096342283 | E319: Hanun Avara Elmedina binti Moffy Pamungkas | F319: P | G319: 9-B-01 | H319: 319 MA | I319: 9 | J319: Jakarta Selatan | K319: =IFERROR(INDEX('Data Real Foto'!B:B,MATCH('Data Foto'!C319,'Data Real Foto'!A:A,0)),"") -> Sudah Foto
A320: 319 | B320: 12 | C320: 20220477 | D320: 0109146328 | E320: Hilda Hamidah binti Kusnandar | F320: P | G320: 9-B-01 | H320: 323 MA | I320: 9 | J320: Jawa Barat Selatan | K320: =IFERROR(INDEX('Data Real Foto'!B:B,MATCH('Data Foto'!C320,'Data Real Foto'!A:A,0)),"") -> Sudah Foto
A321: 320 | B321: 13 | C321: 20220354 | D321: 0106672366 | E321: Husna Althafunnisa binti Usmana | F321: P | G321: 9-B-01 | H321: 320 MA | I321: 9 | J321: Jakarta Timur | K321: =IFERROR(INDEX('Data Real Foto'!B:B,MATCH('Data Foto'!C321,'Data Real Foto'!A:A,0)),"") -> Sudah Foto
A322: 321 | B322: 14 | C322: 20220146 | D322: 3095396945 | E322: Intan Listiyana Sari binti Yana Rogyana | F322: P | G322: 9-B-01 | H322: 320 MA | I322: 9 | J322: Jakarta Selatan | K322: =IFERROR(INDEX('Data Real Foto'!B:B,MATCH('Data Foto'!C322,'Data Real Foto'!A:A,0)),"") -> Sudah Foto
A323: 322 | B323: 15 | C323: 20220174 | D323: 0096233718 | E323: Kamila Putri Ramadhan binti Mikhrodin | F323: P | G323: 9-B-01 | H323: 320 MA | I323: 9 | J323: Jakarta Barat | K323: =IFERROR(INDEX('Data Real Foto'!B:B,MATCH('Data Foto'!C323,'Data Real Foto'!A:A,0)),"") -> Sudah Foto
A324: 323 | B324: 16 | C324: 20220109 | D324: 3106957986 | E324: Kamila Zahrine Nurfitriani binti Kasirun | F324: P | G324: 9-B-01 | H324: 320 MA | I324: 9 | J324: Jakarta Selatan | K324: =IFERROR(INDEX('Data Real Foto'!B:B,MATCH('Data Foto'!C324,'Data Real Foto'!A:A,0)),"") -> Sudah Foto
A325: 324 | B325: 17 | C325: 20220118 | D325: 3107813863 | E325: Kinata Umara Basyirah binti Muhammad Zulkabir | F325: P | G325: 9-B-01 | H325: 320 MA | I325: 9 | J325: Jakarta Selatan | K325: =IFERROR(INDEX('Data Real Foto'!B:B,MATCH('Data Foto'!C325,'Data Real Foto'!A:A,0)),"") -> Sudah Foto
A326: 325 | B326: 18 | C326: 20220472 | D326: 3095009144 | E326: Levina Arva Setiadi Ramadhan binti Yopi Setiadi | F326: P | G326: 9-B-01 | H326: 321 MA | I326: 9 | J326: Jawa Barat Utara | K326: =IFERROR(INDEX('Data Real Foto'!B:B,MATCH('Data Foto'!C326,'Data Real Foto'!A:A,0)),"") -> Sudah Foto
... A418: 417 | B418: 17 | C418: 20220190 | D418: 3100754295 | E418: Haifa Sabrina binti Aryanto | F418: P | G418: 9-B-04 | H418: 410 MA | I418: 9 | J418: Jakarta Selatan | K418: =IFERROR(INDEX('Data Real Foto'!B:B,MATCH('Data Foto'!C418,'Data Real Foto'!A:A,0)),"") -> Sudah Foto
A419: 418 | B419: 18 | C419: 20220227 | D419: 3096160371 | E419: Intan Zulfiani Al Widad binti Moch. Achyar | F419: P | G419: 9-B-04 | H419: 410 MA | I419: 9 | J419: Jakarta Selatan | K419: =IFERROR(INDEX('Data Real Foto'!B:B,MATCH('Data Foto'!C419,'Data Real Foto'!A:A,0)),"") | L419: Pakai foto lama
A420: 419 | B420: 19 | C420: 20220272 | D420: 3101984192 | E420: Kayla Adilla binti Abdullah | F420: P | G420: 9-B-04 | H420: 410 MA | I420: 9 | J420: Jakarta Utara | K420: =IFERROR(INDEX('Data Real Foto'!B:B,MATCH('Data Foto'!C420,'Data Real Foto'!A:A,0)),"") -> Sudah Foto
A421: 420 | B421: 20 | C421: 20220244 | D421: 0103334085 | E421: Khoirun Nisa binti Ahmad Toyib Sahrodin | F421: P | G421: 9-B-04 | H421: 410 MA | I421: 9 | J421: Jakarta Pusat | K421: =IFERROR(INDEX('Data Real Foto'!B:B,MATCH('Data Foto'!C421,'Data Real Foto'!A:A,0)),"") -> Sudah Foto
A422: 421 | B422: 21 | C422: 20220254 | D422: 0097488188 | E422: Nika Puspita Anjany binti Nandang Saptani | F422: P | G422: 9-B-04 | H422: 410 MA | I422: 9 | J422: Jakarta Selatan | K422: =IFERROR(INDEX('Data Real Foto'!B:B,MATCH('Data Foto'!C422,'Data Real Foto'!A:A,0)),"") -> Sudah Foto
A423: 422 | B423: 22 | C423: 20220066 | D423: 3108167240 | E423: Putri Ayu Lestari binti Muhamad Jasrip | F423: P | G423: 9-B-04 | H423: 411 MA | I423: 9 | J423: Banten | K423: =IFERROR(INDEX('Data Real Foto'!B:B,MATCH('Data Foto'!C423,'Data Real Foto'!A:A,0)),"") -> Sudah Foto
A424: 423 | B424: 23 | C424: 20220481 | D424: 0107892473 | E424: Raina Putri Andini binti Ahmad Hidayat | F424: P | G424: 9-B-04 | H424: 411 MA | I424: 9 | J424: Jawa Barat Selatan | K424: =IFERROR(INDEX('Data Real Foto'!B:B,MATCH('Data Foto'!C424,'Data Real Foto'!A:A,0)),"") -> Sudah Foto
A425: 424 | B425: 24 | C425: 20220524 | D425: 0104531176 | E425: Reina Sevilla Anatolia binti Agah Nugraha Wiganjar | F425: P | G425: 9-B-04 | H425: 411 MA | I425: 9 | J425: Jawa Barat Selatan | K425: =IFERROR(INDEX('Data Real Foto'!B:B,MATCH('Data Foto'!C425,'Data Real Foto'!A:A,0)),"") -> Sudah Foto
A426: 425 | B426: 25 | C426: 20220437 | D426: 0081073115 | E426: Ruhby Audia Zainat binti Yandi Sopyandi | F426: P | G426: 9-B-04 | H426: 411 MA | I426: 9 | J426: Jakarta Timur | K426: =IFERROR(INDEX('Data Real Foto'!B:B,MATCH('Data Foto'!C426,'Data Real Foto'!A:A,0)),"") -> Sudah Foto
A427: 426 | B427: 26 | C427: 20220100 | D427: 0092969930 | E427: Zahra Andina binti Nuryasin | F427: P | G427: 9-B-04 | H427: 411 MA | I427: 9 | J427: Banten | K427: =IFERROR(INDEX('Data Real Foto'!B:B,MATCH('Data Foto'!C427,'Data Real Foto'!A:A,0)),"") -> Sudah Foto
A428: 427 | B428: 1 | C428: 20220446 | D428: 3105295747 | E428: Aisah Hafizah Anwar binti Anwar | F428: P | G428: 9-B-05 | H428: 412 MA | I428: 9 | J428: Jakarta Barat | K428: =IFERROR(INDEX('Data Real Foto'!B:B,MATCH('Data Foto'!C428,'Data Real Foto'!A:A,0)),"") -> Sudah Foto
A429: 428 | B429: 2 | C429: 20220549 | D429: 0095568331 | E429: Alfiah Faizah Azra binti Iwan Nopiyanto | F429: P | G429: 9-B-05 | H429: 412 MA | I429: 9 | J429: Jawa Timur | K429: =IFERROR(INDEX('Data Real Foto'!B:B,MATCH('Data Foto'!C429,'Data Real Foto'!A:A,0)),"") -> Sudah Foto
A430: 429 | B430: 3 | C430: 20220130 | D430: 3098169406 | E430: Almira Hamizah Adiva binti Supriyanto | F430: P | G430: 9-B-05 | H430: 412 MA | I430: 9 | J430: Jakarta Selatan | K430: =IFERROR(INDEX('Data Real Foto'!B:B,MATCH('Data Foto'!C430,'Data Real Foto'!A:A,0)),"") -> Sudah Foto
A431: 430 | B431: 4 | C431: 20220108 | D431: 3102645512 | E431: Amaranthia Syifa binti Syamsudin | F431: P | G431: 9-B-05 | H431: 412 MA | I431: 9 | J431: Jakarta Selatan | K431: =IFERROR(INDEX('Data Real Foto'!B:B,MATCH('Data Foto'!C431,'Data Real Foto'!A:A,0)),"") -> Sudah Foto
... A433: 432 | B433: 6 | C433: 20220265 | D433: 0094769862 | E433: Aulia Dzakiyah Putri binti Ipoeng Etvin Handoyo | F433: P | G433: 9-B-05 | H433: 432 MA | I433: 9 | J433: Jakarta Pusat | K433: =IFERROR(INDEX('Data Real Foto'!B:B,MATCH('Data Foto'!C433,'Data Real Foto'!A:A,0)),"") -> Sudah Foto
A434: 433 | B434: 7 | C434: 20220161 | D434: 0093151099 | E434: Azami Hurriyah Almadani binti Ardiansyah | F434: P | G434: 9-B-05 | H434: 432 MA | I434: 9 | J434: Jakarta Selatan | K434: =IFERROR(INDEX('Data Real Foto'!B:B,MATCH('Data Foto'!C434,'Data Real Foto'!A:A,0)),"") | L434: Sudah Keluar
A435: 434 | B435: 8 | C435: 20220286 | D435: 3107234986 | E435: Fanny Asyaliani binti Enda Suhenda | F435: P | G435: 9-B-05 | H435: 432 MA | I435: 9 | J435: Jakarta Utara | K435: =IFERROR(INDEX('Data Real Foto'!B:B,MATCH('Data Foto'!C435,'Data Real Foto'!A:A,0)),"") -> Sudah Foto
...

Sheet Data Real Foto
A1: No Induk | B1: Keterangan
A2: 20220001 | B2: Sudah Foto
A3: 20220002 | B3: Sudah Foto
A4: 20220003 | B4: Sudah Foto
A5: 20220004 | B5: Sudah Foto
A6: 20220005 | B6: Sudah Foto
A7: 20220006 | B7: Sudah Foto
A8: 20220007 | B8: Sudah Foto
A9: 20220008 | B9: Sudah Foto
A10: 20220009 | B10: Sudah Foto
A11: 20220010 | B11: Sudah Foto
A12: 20220011 | B12: Sudah Foto
A13: 20220012 | B13: Sudah Foto
... A550: 20220595 | B550: Sudah Foto
